,I (低紧迫),II (中低紧迫),III (中高紧迫),IV (高紧迫)
I (低紧迫),0.95,0.05,0.0,0.0
II (中低紧迫),0.010869565217391304,0.9891304347826086,0.0,0.0
III (中高紧迫),0.0,0.0,1.0,0.0
IV (高紧迫),0.0,0.0,0.0,0.0
