,I (低紧迫),II (中低紧迫),III (中高紧迫),IV (高紧迫)
I (低紧迫),0.9857142857142858,0.014285714285714285,0.0,0.0
II (中低紧迫),0.006622516556291391,0.9867549668874173,0.006622516556291391,0.0
III (中高紧迫),0.0,0.037037037037037035,0.9629629629629629,0.0
IV (高紧迫),0.0,0.0,0.0,0.0
